Gene_name;Ints-1_average;Ints-2_average;ints-3_average;ints-4_average;ints-5_average;ints-6_average;ints-7_average;ints-8_average;Ints-9_average;Ints-10_average;Ints-11_average;Ints-12_average;Ints-13_average;Accession;Wormbase Gene ID;Sequence name;Description;Cellular_compartment;Human_ortholog
ints-1;1;1;0;1;1;1;1;1;0;0;1;0;1;O01483;WBGene00015499;C06A5.1;Integrator complex;0;HGNC:24555
ints-2;1;1;0;1;1;1;1;0;0;0;1;0;1;Q23271;WBGene00013877;ZC376.6;Integrator complex;0;HGNC:29241
ints-3;1;0;0;0;1;1;1;0;0;0;1;0;0;W6RQY9;WBGene00022360;Y92H12A.4;Integrator complex;0;HGNC:26153
ints-4;1;1;0;1;1;1;1;0;1;0;1;0;1;O18167;WBGene00012234;W04A4.5;Integrator complex;0;HGNC:25048
ints-5;1;1;0;1;1;0;1;1;0;0;1;0;1;Q9U267;WBGene00013075;Y51A2D.7;Integrator complex;0;HGNC:29352
ints-6;1;1;0;1;1;1;1;0;0;0;1;0;1;H2KZC8;WBGene00000994;F08B4.1;Integrator complex;0;HGNC:14879
ints-7;1;1;0;1;1;1;1;0;0;0;1;0;1;G5EDW9;WBGene00008361;D1043.1;Integrator complex;0;HGNC:24484
ints-8;1;1;0;1;1;1;1;1;0;0;1;0;1;H2KML7;WBGene00013021;Y48G10A.4;Integrator complex;0;HGNC:26048
ints-9;1;1;0;1;1;1;1;0;1;0;1;0;1;Q95ZM2;WBGene00017608;F19F10.12;Integrator complex;0;HGNC:25592
ints-11;1;1;0;1;1;1;1;0;1;0;1;0;1;Q9U3K2;WBGene00008642;F10B5.8;Integrator complex;0;HGNC:26052
ints-12/phf-30;1;0;0;0;0;1;1;0;0;0;1;0;0;O17006;WBGene00020716;T23B12.1;Integrator complex;0;HGNC:25067
ints-13;1;1;0;1;0;1;1;0;1;0;1;0;1;O44500;WBGene00019822;R02D3.4;Integrator complex;0;HGNC:20174
ints-15;0;1;0;1;1;1;0;0;1;0;1;0;1;A0A1C3NSJ2;WBGene00013243;Y56A3A.31;Integrator complex;0;HGNC:21702
R07E4.5;1;1;0;1;1;1;1;0;1;0;1;0;1;Q21816;WBGene00019938;R07E4.5;N.A.;N.A.;N.A.
F32H2.10;1;0;0;1;1;1;1;1;0;0;0;0;0;Q95QH1;WBGene00009346;F32H2.10;N.A.;N.A.;N.A.
K07E3.2;1;0;0;1;1;1;1;0;0;0;1;0;0;Q21287;WBGene00019491;K07E3.2;N.A.;N.A.;N.A.
ama-1;1;0;0;1;0;1;0;0;0;0;0;0;0;P16356;WBGene00000123;F36A4.7;DNA-directed RNA polymerase II subunit RPB1;Nucleus;HGNC:9187
nasp-2;1;1;0;1;0;1;0;0;0;0;1;0;0;O17687;WBGene00008218;C50B6.2;NASP (human Nuclear Autoantigenic Sperm Protein) homolog. Predicted to be involved in CENP-A containing chromatin assembly and DNA replication-dependent chromatin assembly;Nucleus;HGNC:7644
C06G3.8;0;0;0;0;0;1;0;0;0;0;1;0;0;Q17749;WBGene00015554;C06G3.8;Predicted to be part of SOSS complex;Nucleus;HGNC:26232
top-2;1;0;0;1;0;0;0;0;0;0;0;0;0;Q23670;WBGene00010785;K12D12.1;"DNA topoisomerase type II (double strand cut, ATP-hydrolyzing) activity; and ion binding activity. ";Nucleus;HGNC:11989
nol-58;1;0;0;0;0;1;0;0;0;0;0;0;0;O45012;WBGene00020915;W01B11.3;NucleOLar protein. Predicted to enable snoRNA binding activity. Predicted to be involved in ribosome biogenesis.;Nucleus;HGNC:29926
nova-1;0;0;0;1;0;1;0;0;0;0;0;0;0;Q9GRY9;WBGene00013347;Y59A8B.10;Predicted to enable mRNA binding activity. Predicted to be involved in mRNA processing and regulation of alternative mRNA splicing.;Nucleus, Cytoplasm;HGNC:7886
egl-4;1;0;0;0;0;1;0;0;0;0;0;0;0;O76360;WBGene00001173;F55A8.2;Enables cGMP-dependent protein kinase activity. protein phosphorylation. regulation of signal transduction;Nucleus, Cytoplasm;HGNC:9414
ppm-1.A;0;0;0;0;0;0;1;1;0;0;0;0;0;Q19775;WBGene00006460;F25D1.1;protein serine and threonine phosphatase activity. Predicted to be involved in negative regulation of stress-activated MAPK cascade;Nucleus, Cytoplasm;HGNC:9275
acdh-9;0;0;0;1;0;0;0;0;1;0;0;0;1;Q95YB2;WBGene00017874;F28A10.6;Acyl CoA DeHydrogenase;Mitochondria;HGNC:87
mccc-2;1;0;0;1;0;0;1;0;0;0;0;0;0;P34385;WBGene00303021;F02A9.10;putative methylcrotonoyl-CoA carboxylase beta chain;Mitochondria;HGNC:6937
acdh-11;1;0;0;0;0;0;1;0;0;0;0;0;0;Q9XWZ2;WBGene00012860;Y45F3A.3;Acyl-CoA dehydrogenase family member 11 ;Mitochondria;N.A.
B0250.5;1;0;0;0;0;0;0;1;0;0;0;0;0;Q9XTI0;WBGene00007122;B0250.5;Putative 3-hydroxyisobutyrate dehydrogenase;Mitochondria;HGNC:4907
dhs-19;0;0;0;1;0;1;0;0;0;0;0;0;0;Q22392;WBGene00000982;T11F9.11;DeHydrogenases, Short chain. oxidoreductase activity;Mitochondria (predicted);HGNC:30311
drp-1;1;0;0;1;0;0;0;0;0;0;0;0;0;G5EDY8;WBGene00001093;T12E12.4;Dynamin GTPase;Mitochondria;HGNC:2973
gas-1;0;0;0;1;0;0;1;0;0;0;0;0;0;Q93873;WBGene00001520;K09A9.5;Putative NADH dehydrogenase [ubiquinone] iron-sulfur protein 2;Mitochondria;HGNC:7708
mccc-1;1;0;0;0;0;1;0;0;0;0;0;0;0;O45430;WBGene00009319;F32B6.2;MethylCrotonoyl-Coenzyme A Carboxylase (alpha);Mitochondria;HGNC:6936
mecr-1;0;0;0;0;0;1;1;0;0;0;0;0;0;O45903;WBGene00012375;W09H1.5;Enoyl-[acyl-carrier-protein] reductase;Mitochondria;HGNC:19691
mmaa-1;1;0;0;0;0;0;1;0;0;0;0;0;0;Q22111;WBGene00020169;T02G5.13;Methylmalonic aciduria type A homolog;Mitochondria;HGNC:18871
nuo-2;0;0;0;1;0;1;0;0;0;0;0;0;0;Q86NC2;WBGene00020417;T10E9.7;NADH dehydrogenase [ubiquinone] iron-sulfur protein 3;Mitochondria;HGNC:7710
nuo-4;0;1;0;0;0;0;0;0;1;0;0;0;0;Q8MQ11;WBGene00019401;K04G7.4;NADH dehydrogenase [ubiquinone] 1 alpha subcomplex subunit 10;Mitochondria;HGNC:7684
romo-1;1;0;0;0;0;1;0;0;0;0;0;0;0;Q93511;WBGene00008860;F15D4.3;(Reactive Oxygen species MOdulator) homolog. Predicted to be involved in protein import into mitochondrial matrix and protein insertion into mitochondrial inner membrane. ;Mitochondria;HGNC:16185
dss-1;1;0;0;1;0;0;1;0;0;0;1;0;0;Q95Y72;WBGene00022492;Y119D3B.15;putative 26S proteasome complex subunit dss-1;Proteosome;N.A.
cct-1;1;0;0;1;0;0;1;0;0;0;0;0;1;P41988;WBGene00000377;T05C12.7;T-complex protein 1 subunit alpha;Proteosome;HGNC:11655
atln-1;1;0;0;0;0;1;1;0;0;0;0;0;0;U4PLG5;WBGene00021868;Y54G2A.2;ATLastiN (endoplasmic reticulum GTPase) related. Involved in IRE1-mediated unfolded protein response;Cytoplam, membrane;HGNC:24526
laf-1;1;0;0;1;0;0;1;0;0;0;0;0;0;D0PV95;WBGene00002244;Y71H2AM.19;Putative DEAD-box RNA helicase;Cytoplam;HGNC:2745
fars-3;1;0;0;0;0;1;1;0;0;0;0;0;0;Q19713;WBGene00001498;F22B5.9;Phenylalanine--tRNA ligase beta subunit  ;Cytoplam;HGNC:17800
ostb-1;1;0;0;1;0;1;0;0;0;0;0;0;0;P45971;WBGene00011638;T09A5.11;OligoSaccharylTransferase, Beta subunit. Involved in IRE1-mediated unfolded protein response ;Cytoplam, membrane;HGNC:2728
sec-24.1;1;0;0;0;0;1;1;0;0;0;0;0;0;Q19371;WBGene00004755;F12F6.6;yeast SEC homolog. intracellular protein transport  ;Cytoplam, vesicles;HGNC:10705
glh-1;0;0;0;0;1;1;0;1;0;0;0;0;0;P34689;WBGene00001598;T21G5.3;ATP-dependent RNA helicase;Cytoplasm;HGNC:18700
vha-11;1;0;0;0;0;1;0;1;0;0;0;0;0;Q9XXU9;WBGene00006920;Y38F2AL.3;V-type proton ATPase subunit C;Cytoplasm;HGNC:856
rpn-3;1;0;0;1;0;1;1;0;0;0;0;0;0;Q04908;WBGene00004460;C30C11.2;26S proteasome non-ATPase regulatory subunit 3;Proteosome;HGNC:9560
ahsa-1;0;0;0;0;1;1;0;0;0;0;0;0;0;Q93168;WBGene00007235;C01G10.8;Predicted to enable ATPase activator activity. Predicted to be involved in positive regulation of ATP-dependent activity and protein folding.;Cytoplam;HGNC:1189
rpn-1;1;0;0;1;0;0;0;0;0;0;0;0;0;Q9GZH5;WBGene00004458;T22D1.9;26S proteasome non-ATPase regulatory subunit 2;Proteosome;HGNC:9559
atic-1;0;0;0;1;1;0;0;0;0;0;0;0;0;Q95QQ5;WBGene00016957;C55F2.1;5-Aminoimidazole-4-carboxamide ribonucleotide formylTransferase/IMP Cyclohydrolase homolog  ;Cytoplam;HGNC:794
dars-1;1;0;0;0;0;0;0;0;0;0;0;0;1;Q03577;WBGene00001094;B0464.1;aspartyl(D) Amino-acyl tRNA Synthetase.;Cytoplasm;HGNC:2678
glp-4;1;0;0;0;0;0;1;0;0;0;0;0;0;Q9U1Q4;WBGene00006936;Y87G2A.5;Predicted to enable valine-tRNA ligase activity.;Cytoplam;HGNC:12651
rars-1;0;0;0;0;0;0;1;0;1;0;0;0;0;Q65ZK0;WBGene00004679;F26F4.10;arginine-tRNA ligase;Cytoplam;HGNC:9870
tba-1;0;0;0;1;0;0;1;0;0;0;0;0;0;O18688;WBGene00006528;F26E4.8;TuBulin, Alpha  ;Cytoplasm;HGNC:23534
sgt-1;0;0;0;1;0;1;0;0;0;0;0;0;0;Q21746;WBGene00019893;R05F9.10;Small Glutamine-rich Tetratrico repeat protein. Predicted to be involved in posttranslational protein targeting to endoplasmic reticulum membrane and ubiquitin-dependent ERAD pathway;Cytoplasm;HGNC:10819
cct-8;0;0;0;0;0;0;1;0;1;0;0;0;0;Q9N358;WBGene00021934;Y55F3AR.3;Chaperonin Containing TCP-1. Predicted to be involved in protein folding;Cytoplasm;HGNC:1623
rpn-7;0;0;0;1;0;1;0;0;0;0;0;0;0;Q20585;WBGene00004463;F49C12.8;26S proteasome non-ATPase regulatory subunit 6;Proteosome;HGNC:9564
acly-2;0;1;0;0;0;1;0;0;0;0;0;0;0;P90731;WBGene00007150;B0365.1;ATP-citrate synthase ;Cytoplasm;HGNC:115
acs-17;0;0;0;0;0;0;1;0;0;0;0;0;1;Q18660;WBGene00016716;C46F4.2;fatty Acid CoA Synthetase family;Cytoplasm, membrane, endoplasmic reticulum;HGNC:3570
acs-4;0;0;0;1;0;0;1;0;0;0;0;0;0;Q20121;WBGene00018152;F37C12.7;fatty Acid CoA Synthetase family ;Cytoplasm, membrane, endoplasmic reticulum;HGNC:3570
acs-5;0;0;0;1;0;1;0;0;0;0;0;0;0;Q9XWD1;WBGene00013575;Y76A2B.3;fatty Acid CoA Synthetase family ;Cytoplasm, membrane, endoplasmic reticulum;HGNC:16526
C02D5.4;0;0;0;1;0;0;0;1;0;0;0;0;0;D7SFI3;WBGene00043097;C02D5.4;Predicted to be involved in glutathione metabolic process;cytoplasm;HGNC:13312
elo-1;0;0;0;1;0;0;1;0;0;0;0;0;0;G5EEE5;WBGene00001239;F56H11.4;Elongation of very long chain fatty acids protein. ;Cytoplasm, endoplasmic reticulum;N.A.
glb-1;0;0;0;0;1;0;1;0;0;0;0;0;0;P30627;WBGene00014030;ZK637.13;Globin-like protein. Predicted to be involved in oxygen transport  ;Cytoplam;N.A.
gls-1;0;0;0;0;0;0;1;0;0;0;0;0;1;Q8I4M5;WBGene00007975;C36B1.8;Predicted to be involved in meiotic cell cycle. Located in P granule;Cytoplam;N.A.
hgo-1;0;0;0;0;0;0;0;1;0;0;1;0;0;Q9Y041;WBGene00001843;W06D4.1;HomoGentisate Oxidase. Predicted to enable homogentisate 1,2-dioxygenase activity. Predicted to be involved in L-phenylalanine catabolic process;Cytoplasm;HGNC:4892
mlc-4;0;0;0;0;0;1;1;0;0;0;0;0;0;Q09510;WBGene00003372;C56G7.1;Myosin regulatory light chain;Cytoplasm;HGNC:15754
msp-10;0;0;0;0;0;1;1;0;0;0;0;0;0;P05634;WBGene00003425;K07F5.2;Major sperm protein ;Cytoplasm;N.A.
pgk-1;0;0;0;0;0;0;1;0;0;0;0;0;1;P91427;WBGene00020185;T03F1.3;phosphoglycerate kinase;Cytoplasm;HGNC:8896
pyr-1;0;0;0;1;0;1;0;0;0;0;0;0;0;Q18990;WBGene00004259;D2085.1;PYRimidine biosynthesis. Predicted to enable aspartate carbamoyltransferase activity and dihydroorotase activity;Cytoplasm;HGNC:1424
sars-1;1;0;0;0;0;0;0;0;1;0;0;0;0;Q18678;WBGene00005663;C47E12.1;serine-tRNA ligase;Cytoplasm;HGNC:10537
srpa-72;0;0;0;0;0;1;1;0;0;0;0;0;0;P91240;WBGene00017245;F08D12.1;Signal Recognition PArticle. SRP-dependent cotranslational protein targeting to membrane;Cytoplasm;HGNC:11303|EnsEMBL
unc-70;0;0;0;0;0;0;1;0;0;0;0;0;1;G5EG85;WBGene00006803;K11C4.3;"Beta-G spectrin; Predicted to enable actin filament binding activity";Cytoplasm;HGNC:11274
Y57A10A.26;1;0;0;0;0;1;0;0;0;0;0;0;0;Q9NA74;WBGene00013266;Y57A10A.26;Is an ortholog of human FAXC (failed axon connections homolog, metaxin like GST domain containing);Cytoplasm;HGNC:20742
cct-6;0;0;0;0;0;1;1;0;0;0;0;0;0;P46550;WBGene00000381;F01F1.8;T-complex protein 1 subunit zeta;Proteosome;HGNC:1620
copa-1;1;0;0;1;0;0;0;0;0;0;0;0;0;Q9N4H7;WBGene00022119;Y71F9AL.17;COat Protein complex 1, Alpha subunit. Predicted to be involved in Golgi vesicle transport and intracellular protein transport;Cytoplasm, Golgi;HGNC:2230
copb-1;0;0;0;0;0;1;0;0;1;0;0;0;0;Q9TYL9;WBGene00021292;Y25C1A.5;COP (COat Protomer) Beta subunit. Predicted to be involved in endoplasmic reticulum to Golgi vesicle-mediated transport and intra-Golgi vesicle-mediated transport;Cytoplasm, Golgi;HGNC:2231
crt-1;1;0;0;0;0;0;1;0;0;0;0;0;0;P27798;WBGene00000802;Y38A10A.5;CalReTiculin. Involved in several processes, including IRE1-mediated unfolded protein response;Cytoplasm, endoplasmic reticulum;HGNC:1455
erp-44.1;1;0;0;0;0;0;1;0;0;0;0;0;0;G5EFF8;WBGene00016278;C30H7.2;"Endoplasmic Reticulum Protein homolog. protein folding;cell redox homeostasis. Predicted to encode a protein with a Thioredoxin-like domain ";Cytoplasm, endoplasmic reticulum;HGNC:18311
F52B11.2;0;0;0;1;0;0;0;0;1;0;0;0;0;Q9XUE6;WBGene00009925;F52B11.2;Predicted to enable phosphomannomutase activity. Involved in IRE1-mediated unfolded protein response.;Cytoplam;HGNC:9114
rpn-2;1;0;0;0;0;1;0;0;0;0;0;0;0;Q18115;WBGene00004459;C23G10.4;26S proteasome non-ATPase regulatory subunit 1;Proteosome;HGNC:9554
rpt-4;1;0;0;0;0;0;0;1;0;0;0;0;0;O17071;WBGene00004504;F23F1.8;putative 26S proteasome regulatory subunit 10B;Proteosome;HGNC:9553
sec-11;0;0;0;0;0;1;1;0;0;0;0;0;0;Q9N3D0;WBGene00021844;Y54E10BR.5;yeast SEC homolog. Predicted to enable peptidase activity. Involved in IRE1-mediated unfolded protein response. ;Cytoplasm, endoplasmic reticulum;HGNC:17718
mct-6;0;0;0;0;0;0;1;0;0;0;1;0;0;O17328;WBGene00015676;C10E2.6;MonoCarboxylate Transporter family ;Membrane;HGNC:10922
F09B12.3;0;0;0;1;0;0;1;0;0;0;0;0;0;O62146;WBGene00008607;F09B12.3;Putative phospholipase B-like 2 ;Extracellular;HGNC:27283
plin-1;1;0;0;0;0;0;1;0;1;0;0;0;0;A8WHP8;WBGene00007024;W01A8.1;PeriLIpiN homolog;N.A.;N.A.
clu-1;0;0;0;0;0;1;1;0;0;0;0;0;0;P34466;WBGene00000550;F55H2.6;yeast CLU (mitochondrial clustering) related.;N.A.;HGNC:29094
ctsa-1.1;0;0;0;1;0;1;0;0;0;0;0;0;0;P52717;WBGene00018271;F41C3.5;CaThepSin A homolog. Predicted to be involved in proteolysis;N.A.;HGNC:9251
dhs-9;0;0;0;0;0;0;0;1;0;0;0;0;1;Q9N538;WBGene00000973;Y32H12A.3;DeHydrogenases, Short chain. oxidoreductase activity ;N.A.;HGNC:16445
R13H4.2;1;0;0;0;0;0;1;0;0;0;0;0;0;K8ESK7;WBGene00014826;R13H4.2;N.A.;N.A.;N.A.
slc-25A10;0;1;0;1;0;0;0;0;0;0;0;0;0;G5EE96;WBGene00019656;K11G12.5;SLC (SoLute Carrier) homolog. Predicted to enable transmembrane transporter activity. Predicted to be involved in anion transport. Predicted to be located in membrane. Predicted to be integral component of membrane. Human ortholog(s) of this gene implicated in mitochondrial DNA depletion syndrome.;N.A.;HGNC:10980
ucr-2.2;0;0;0;1;0;0;1;0;0;0;0;0;0;Q22370;WBGene00011679;T10B10.2;Ubiquinol-Cytochrome c oxidoReductase complex. Predicted to enable metalloendopeptidase activity. Predicted to be involved in proteolysis. Human ortholog(s) of this gene implicated in mitochondrial complex III deficiency nuclear type 5.;N:A.;HGNC:12586
aars-2;1;0;0;0;0;0;0;0;0;0;0;0;0;O01541;WBGene00000197;F28H1.3;0;0;HGNC:20
abcf-2;0;0;0;0;0;0;1;0;0;0;0;0;0;G5EFG4;WBGene00012097;T27E9.7;0;0;HGNC:71
abcf-3;1;0;0;0;0;0;0;0;0;0;0;0;0;Q20306;WBGene00018339;F42A10.1;0;0;HGNC:72
abts-3;0;0;0;0;1;0;0;0;0;0;0;0;0;Q8MQ15;WBGene00019018;F57F10.1;0;0;HGNC:16438
acdh-12;1;0;0;0;0;0;0;0;0;0;0;0;0;Q19057;WBGene00017125;E04F6.5;0;0;HGNC:92
aco-1;1;0;0;0;0;0;0;0;0;0;0;0;0;Q23500;WBGene00000040;ZK455.1;0;0;HGNC:117
acox-1.5;0;0;0;0;0;0;0;0;1;0;0;0;0;P34355;WBGene00008167;C48B4.1;0;0;HGNC:119
acp-6;0;0;0;0;0;0;1;0;0;0;0;0;0;Q9GUF2;WBGene00022245;Y73B6BL.24;0;0;N.A.
acs-19;0;0;0;0;0;0;1;0;0;0;0;0;0;Q65ZB8;WBGene00007969;C36A4.9;0;0;HGNC:15814
alg-2;0;0;0;1;0;0;0;0;0;0;0;0;0;Q86B39;WBGene00000106;T07D3.7;0;0;HGNC:3262
algn-13;0;0;0;1;0;0;0;0;0;0;0;0;0;P92012;WBGene00011193;R10D12.12;0;0;HGNC:30881
alh-13;0;0;0;0;0;0;1;0;0;0;0;0;0;P54889;WBGene00011938;T22H6.2;0;0;HGNC:9722
alh-5;0;0;0;0;0;0;0;0;0;0;1;0;0;O44555;WBGene00000111;T08B1.3;0;0;HGNC:405
alx-1;0;0;0;0;0;0;1;0;0;0;0;0;0;P34552;WBGene00007010;R10E12.1;0;0;HGNC:8766
aps-1;0;0;0;0;0;0;0;0;0;0;1;0;0;O16369;WBGene00000159;F29G9.3;0;0;HGNC:559
ard-1;0;0;0;0;0;1;0;0;0;0;0;0;0;Q19102;WBGene00000181;F01G4.2;0;0;HGNC:4800
arf-1;1;0;0;0;0;0;0;0;0;0;0;0;0;Q10943;WBGene00000182;B0336.2;0;0;HGNC:652
arf-5;1;0;0;0;0;0;0;0;0;0;0;0;0;G5EFK4;WBGene00000183;F57H12.1;0;0;HGNC:655
arp-1;0;0;0;1;0;0;0;0;0;0;0;0;0;Q9NA98;WBGene00013168;Y53F4B.22;0;0;HGNC:168
art-1;0;0;0;1;0;0;0;0;0;0;0;0;0;Q9N5Y2;WBGene00000198;C15F1.6;0;0;HGNC:4551
arx-2;0;0;0;0;0;0;1;0;0;0;0;0;0;P53489;WBGene00000200;K07C5.1;0;0;HGNC:169
asg-2;0;0;0;0;0;0;0;0;0;0;0;0;1;Q18803;WBGene00000210;C53B7.4;0;0;HGNC:14247
asna-1;0;0;0;1;0;0;0;0;0;0;0;0;0;P30632;WBGene00014025;ZK637.5;0;0;HGNC:752
asp-4;0;0;0;0;0;1;0;0;0;0;0;0;0;Q21966;WBGene00000217;R12H7.2;0;0;HGNC:2529
atp-3;0;0;0;0;0;0;0;0;1;0;0;0;0;P91283;WBGene00000230;F27C1.7;0;0;HGNC:850
atp-4;0;0;0;0;0;0;1;0;0;0;0;0;0;O16517;WBGene00020275;T05H4.12;0;0;HGNC:847
B0495.9;0;0;0;1;0;0;0;0;0;0;0;0;0;Q09218;WBGene00015208;B0495.9;0;0;N.A.
bckd-1B;0;0;0;1;0;0;0;0;0;0;0;0;0;Q93619;WBGene00006518;F27D4.5;0;0;HGNC:987
bre-1;0;0;0;1;0;0;0;0;0;0;0;0;0;Q18801;WBGene00000266;C53B4.7;0;0;HGNC:4369
C01G10.9;0;0;0;0;0;0;0;0;0;0;1;0;0;Q93169;WBGene00007236;C01G10.9;0;0;HGNC:28469
C14B9.10;0;0;0;0;0;0;1;0;0;0;0;0;0;Q8MNV8;WBGene00015755;C14B9.10;0;0;HGNC:30863
C16A3.5;0;0;0;0;0;0;1;0;0;0;0;0;0;Q18036;WBGene00015810;C16A3.5;0;0;HGNC:7704
C24A3.2;0;0;0;0;0;0;1;0;0;0;0;0;0;H2KYZ3;WBGene00016033;C24A3.2;0;0;N.A.
C25H3.7;0;0;0;1;0;0;0;0;0;0;0;0;0;Q8MQC1;WBGene00016116;C25H3.7;0;0;N.A.
C28H8.3;0;0;0;0;0;0;1;0;0;0;0;0;0;Q09475;WBGene00016194;C28H8.3;0;0;HGNC:25942
C29F7.3;0;0;0;0;0;0;1;0;0;0;0;0;0;O17622;WBGene00007812;C29F7.3;0;0;HGNC:18170
C30G12.2;0;0;0;0;0;0;1;0;0;0;0;0;0;Q09486;WBGene00016274;C30G12.2;0;0;N.A.
C31H5.6;0;0;0;0;0;0;0;0;0;0;1;0;0;B3WFZ3/B3WFZ4;WBGene00007857;C31H5.6;0;0;HGNC:932
C43E11.9;1;0;0;0;0;0;0;0;0;0;0;0;0;P91154;WBGene00016607;C43E11.9;0;0;HGNC:24328
C55A6.3;0;0;0;1;0;0;0;0;0;0;0;0;0;P90778;WBGene00008332;C55A6.3;0;0;HGNC:1549
cal-5;0;0;0;0;0;0;1;0;0;0;0;0;0;Q18136;WBGene00006861;C24H10.5;0;0;N.A.
cand-1;0;0;0;0;0;0;1;0;0;0;0;0;0;G5ED41;WBGene00013606;Y102A5A.1;0;0;HGNC:30689
cas-1;0;0;0;1;0;0;0;0;0;0;0;0;0;H2L023;WBGene00000294;F41G4.2;0;0;HGNC:20039
ccg-1;0;0;0;1;0;0;0;0;0;0;0;0;0;Q9NA39;WBGene00000370;Y73F8A.6;0;0;N.A.
cct-3;0;0;0;0;0;1;0;0;0;0;0;0;0;Q9N4J8;WBGene00018782;F54A3.3;0;0;HGNC:1616
cct-5;0;0;0;0;0;0;1;0;0;0;0;0;0;P47209;WBGene00000380;C07G2.3;0;0;HGNC:1618
cct-7;0;0;0;0;0;0;1;0;0;0;0;0;0;Q86S29;WBGene00020391;T10B5.5;0;0;HGNC:1622
cdc-48.1;0;0;0;0;0;0;1;0;0;0;0;0;0;P54811;WBGene00007352;C06A1.1;0;0;HGNC:12666
cdc-48.2;0;0;0;1;0;0;0;0;0;0;0;0;0;P54812;WBGene00008053;C41C4.8;0;0;HGNC:12666
cgh-1;0;0;0;0;0;0;0;1;0;0;0;0;0;Q95YF3;WBGene00000479;C07H6.5;0;0;HGNC:2747
chc-1;0;0;0;0;0;0;0;1;0;0;0;0;0;P34574;WBGene00011867;T20G5.1;0;0;HGNC:2092
cif-1;0;0;0;1;0;0;0;0;0;0;0;0;0;Q94261;WBGene00019543;K08F11.3;0;0;HGNC:24460
clp-1;1;0;0;0;0;0;0;0;0;0;0;0;0;P34308;WBGene00000542;C06G4.2;0;0;HGNC:1476
cnb-1;0;0;0;0;0;1;0;0;0;0;0;0;0;H9G2Y1;WBGene00000554;F55C10.1;0;0;HGNC:9317
col-93;0;0;0;0;0;0;1;0;0;0;0;0;0;Q9U348;WBGene00000668;W05B2.5;0;0;N.A.
copb-2;0;0;0;0;0;0;1;0;0;0;0;0;0;Q20168;WBGene00009542;F38E11.5;0;0;HGNC:2232
cox-4;0;0;0;0;0;0;1;0;0;0;0;0;0;Q9U329;WBGene00012354;W09C5.8;0;0;HGNC:2265
cox-6A;0;0;0;0;0;0;1;0;0;0;0;0;0;Q20779;WBGene00006519;F54D8.2;0;0;HGNC:2277
cox-6C;0;0;0;0;0;0;0;0;1;0;0;0;0;O76367;WBGene00017926;F29C4.2;0;0;N.A.
cpt-1;1;0;0;0;0;0;0;0;0;0;0;0;0;Q9U2F2;WBGene00012907;Y46G5A.17;0;0;HGNC:2328
cpt-2;0;0;0;0;0;1;0;0;0;0;0;0;0;G5EFE6;WBGene00011122;R07H5.2;0;0;HGNC:2330
cpt-3;0;0;0;1;0;0;0;0;0;0;0;0;0;Q9N3N3;WBGene00021703;Y48G9A.10;0;0;N.A.
cul-1;0;1;0;0;0;0;0;0;0;0;0;0;0;Q17389;WBGene00000836;D2045.6;0;0;HGNC:2551
cul-3;0;0;0;0;0;0;0;0;0;0;1;0;0;Q17391;WBGene00000838;Y108G3AL.1;0;0;HGNC:2553
cyn-12;0;0;0;1;0;0;0;0;0;0;0;0;0;Q18445;WBGene00000888;C34D4.12;0;0;HGNC:9260
cyn-3;0;0;0;1;0;0;0;0;0;0;0;0;0;P52011;WBGene00000879;Y75B12B.5;0;0;HGNC:9253
cysl-1;0;0;0;0;0;0;1;0;0;0;0;0;0;Q93244;WBGene00007653;C17G1.7;0;0;N.A.
cysl-2;0;0;0;0;0;0;0;0;1;0;0;0;0;O45679;WBGene00010759;K10H10.2;0;0;N.A.
dao-3;0;0;0;0;0;1;0;0;0;0;0;0;0;Q21285;WBGene00000929;K07E3.3;0;0;HGNC:7434
ddo-1;0;0;0;1;0;0;0;0;0;0;0;0;0;C8JQS2;WBGene00008127;C47A10.5;0;0;HGNC:2671
dhrs-4;0;0;0;0;0;0;0;0;0;0;0;0;1;G5EGA6;WBGene00010063;F54F3.4;0;0;N.A.
dhs-28;0;0;0;0;0;1;0;0;0;0;0;0;0;Q21481;WBGene00000991;M03A8.1;0;0;HGNC:5213
dhs-3;0;0;0;1;0;0;0;0;0;0;0;0;0;A5JYX5;WBGene00000967;T02E1.5;0;0;HGNC:30311
dhs-30;0;0;0;0;0;0;1;0;0;0;0;0;0;Q65ZI3;WBGene00000993;T25G12.7;0;0;HGNC:24547
dif-1;0;0;0;1;0;0;0;0;0;0;0;0;0;Q27257;WBGene00000996;F49E8.5;0;0;HGNC:1421
dis-3;0;0;0;0;0;0;0;0;0;0;1;0;0;Q17632;WBGene00001001;C04G2.6;0;0;HGNC:20604
djr-1.1;0;0;0;0;0;0;1;0;0;0;0;0;0;P90994;WBGene00015184;B0432.2;0;0;HGNC:16369
djr-1.2;0;0;0;0;0;0;0;0;0;0;0;0;1;O16228;WBGene00016789;C49G7.11;0;0;HGNC:16369
dlat-1;0;0;0;0;0;0;1;0;0;0;0;0;0;Q19749;WBGene00009082;F23B12.5;0;0;HGNC:2896
dnj-29;0;0;0;0;0;0;1;0;0;0;0;0;0;Q9U1V9;WBGene00001047;Y63D3A.6;0;0;HGNC:21082
dylt-1;0;0;0;0;0;1;0;0;0;0;0;0;0;Q19416;WBGene00008764;F13G3.4;0;0;HGNC:11694
ebp-3;0;0;0;1;0;0;0;0;0;0;0;0;0;Q9GRZ0;WBGene00007062;Y59A8B.9;0;0;HGNC:6891
ech-1.2;0;0;0;0;1;0;0;0;0;0;0;0;0;Q9BIC3;WBGene00020347;T08B2.7;0;0;HGNC:4801
ech-5;0;0;0;1;0;0;0;0;0;0;0;0;0;O45106;WBGene00001154;F56B3.5;0;0;HGNC:890
edc-4;0;0;0;1;0;0;0;0;0;0;0;0;0;Q8ITV7;WBGene00021551;Y44E3A.6;0;0;HGNC:17157
egl-45;0;0;0;0;0;1;0;0;0;0;0;0;0;P34339;WBGene00001209;C27D11.1;0;0;HGNC:3271
eif-2gamma;1;0;0;0;0;0;0;0;0;0;0;0;0;Q95XR0;WBGene00021466;Y39G10AR.8;0;0;HGNC:3267
eif-3.E;0;0;0;0;0;0;0;0;1;0;0;0;0;O61820;WBGene00001228;B0511.10;0;0;HGNC:3277
eif-3.I;0;0;0;1;0;0;0;0;0;0;0;0;0;Q965S8;WBGene00001232;Y74C10AR.1;0;0;HGNC:3272
eif-3.J;0;0;0;0;0;1;0;0;0;0;0;0;0;Q9XWP7;WBGene00012738;Y40B1B.5;0;0;HGNC:3270
emc-2;0;0;0;1;0;0;0;0;0;0;0;0;0;O76630;WBGene00021973;Y57G7A.10;0;0;HGNC:28963
emr-1;0;0;0;1;0;0;0;0;0;0;0;0;0;O01971;WBGene00001309;M01D7.6;0;0;HGNC:18725
endu-1;0;0;0;0;0;0;0;0;0;0;1;0;0;Q21109;WBGene00010488;K02A11.3;0;0;HGNC:14369
eppl-1;0;0;0;1;0;0;0;0;0;0;0;0;0;P91408;WBGene00020139;T01B11.2;0;0;HGNC:14404
erfa-1;1;0;0;0;0;0;0;0;0;0;0;0;0;O16520;WBGene00020269;T05H4.6;0;0;HGNC:3477
erfa-3;0;0;0;0;0;0;1;0;0;0;0;0;0;O45622;WBGene00010405;H19N07.1;0;0;HGNC:4621
exc-15;0;0;0;0;0;0;0;1;0;0;0;0;0;Q22352;WBGene00020369;T08H10.1;0;0;N.A.
F01G10.5;0;0;0;0;0;0;1;0;0;0;0;0;0;O17763;WBGene00008508;F01G10.5;0;0;N.A.
F14E5.2;0;0;0;0;0;1;0;0;0;0;0;0;0;Q19459;WBGene00008800;F14E5.2;0;0;HGNC:4316
F21D5.1;0;0;0;1;0;0;0;0;0;0;0;0;0;Q19680;WBGene00009006;F21D5.1;0;0;HGNC:8907
F23C8.5;0;0;0;0;1;0;0;0;0;0;0;0;0;Q9TXI4;WBGene00017734;F23C8.5;0;0;HGNC:3482
F25H2.6;0;0;0;0;0;0;1;0;0;0;0;0;0;Q93569;WBGene00009120;F25H2.6;0;0;HGNC:2205
F28C6.8;0;0;0;1;0;0;0;0;0;0;0;0;0;Q93622;WBGene00009207;F28C6.8;0;0;HGNC:26965
F35D11.4;0;0;0;1;0;0;0;0;0;0;0;0;0;Q20034;WBGene00018045;F35D11.4;0;0;N.A.
F36A2.7;0;0;0;0;0;0;0;0;1;0;0;0;0;P90860;WBGene00009454;F36A2.7;0;0;N.A.
F41D9.2;0;0;0;1;0;0;0;0;0;0;0;0;0;H2KZN7;WBGene00018282;F41D9.2;0;0;N.A.
F42F12.4;0;0;0;0;0;0;1;0;0;0;0;0;0;Q20340;WBGene00009636;F42F12.4;0;0;HGNC:30576
F42G8.10;0;0;0;0;0;1;0;0;0;0;0;0;0;O44509;WBGene00018361;F42G8.10;0;0;HGNC:20372
F44G4.2;0;0;0;0;0;0;0;0;1;0;0;0;0;Q20412;WBGene00009712;F44G4.2;0;0;HGNC:7697
F49C12.7;0;0;0;0;0;0;0;1;0;0;0;0;0;Q27GQ5;WBGene00009877;F49C12.7;0;0;N.A.
F52C9.3;0;0;0;0;0;0;0;0;0;0;1;0;0;Q10123;WBGene00018674;F52C9.3;0;0;HGNC:21869
F53C11.3;0;0;0;1;0;0;0;0;0;0;0;0;0;Q93761;WBGene00009973;F53C11.3;0;0;HGNC:2753
F54A3.5;0;0;0;0;0;0;1;0;0;0;0;0;0;Q9N4K0;WBGene00018784;F54A3.5;0;0;HGNC:32068
F54D5.7;0;0;0;0;0;0;0;1;0;0;0;0;0;Q20772;WBGene00010052;F54D5.7;0;0;HGNC:4189
F56B3.11;0;0;0;0;0;0;1;0;0;0;0;0;0;H2L085;WBGene00018934;F56B3.11;0;0;HGNC:25010
fah-1;0;0;0;1;0;0;0;0;0;0;0;0;0;Q94272;WBGene00019620;K10C2.4;0;0;HGNC:3579
far-2;0;0;0;0;0;1;0;0;0;0;0;0;0;P34383;WBGene00001386;F02A9.3;0;0;N.A.
far-3;0;0;0;0;0;1;0;0;0;0;0;0;0;Q19478;WBGene00001387;F15B9.1;0;0;N.A.
fasn-1;0;0;0;0;0;0;1;0;0;0;0;0;0;P91871;WBGene00009342;F32H2.5;0;0;HGNC:3594
fmo-3;0;0;0;1;0;0;0;0;0;0;0;0;0;A0A1X7RC69;WBGene00001478;Y39A1A.19;0;0;HGNC:3769
gale-1;0;0;0;1;0;0;0;0;0;0;0;0;0;Q564Q1;WBGene00008132;C47B2.6;0;0;HGNC:4116
gars-1;0;0;0;0;0;1;0;0;0;0;0;0;0;Q8I711;WBGene00001744;T10F2.1;0;0;HGNC:4162
gcn-1;0;0;0;0;0;0;1;0;0;0;0;0;0;B3CJ34;WBGene00021697;Y48G9A.3;0;0;HGNC:4199
ger-1;0;0;0;1;0;0;0;0;0;0;0;0;0;G5EER4;WBGene00019813;R01H2.5;0;0;HGNC:12390
gfat-1;0;0;0;1;0;0;0;0;0;0;0;0;0;Q95QM8;WBGene00008546;F07A11.2;0;0;HGNC:4241
gfat-2;0;0;0;0;1;0;0;0;0;0;0;0;0;Q19699;WBGene00009035;F22B3.4;0;0;HGNC:4241
gfi-1;0;0;0;0;0;0;0;0;1;0;0;0;0;Q94246;WBGene00001581;F57F4.3;0;0;N.A.
gld-4;0;0;0;0;0;0;0;0;1;0;0;0;0;G5EFL0;WBGene00014115;ZK858.1;0;0;HGNC:16705
gldc-1;0;0;0;0;0;0;1;0;0;0;0;0;0;Q21962;WBGene00020022;R12C12.1;0;0;HGNC:4313
gpb-1;0;0;0;0;0;1;0;0;0;0;0;0;0;P17343;WBGene00001679;F13D12.7;0;0;HGNC:4396
gpc-2;0;0;0;0;0;0;1;0;0;0;0;0;0;G5ECT6;WBGene00001682;F08B6.2;0;0;HGNC:14131
gpdh-3;0;0;0;0;0;0;0;0;0;0;0;0;1;P90795;WBGene00012031;T25G3.4;0;0;HGNC:4456
gst-13;0;0;0;0;0;0;1;0;0;0;0;0;0;Q22814;WBGene00001761;T26C5.1;0;0;N.A.
gst-28;0;0;0;0;0;0;1;0;0;0;0;0;0;Q9NAB2;WBGene00001776;Y53F4B.31;0;0;HGNC:17890
gst-36;0;0;0;0;0;0;0;0;0;0;0;0;1;Q09607;WBGene00001784;R07B1.4;0;0;N.A.
gst-4;0;0;0;1;0;0;0;0;0;0;0;0;0;Q21355;WBGene00001752;K08F4.7;0;0;N.A.
hacl-1;0;0;0;0;0;0;1;0;0;0;0;0;0;Q17475;WBGene00007143;B0334.3;0;0;HGNC:17856
haf-9;0;0;0;1;0;0;0;0;0;0;0;0;0;Q8IA64;WBGene00001819;ZK484.2;0;0;HGNC:50
his-24;1;0;0;0;0;0;0;0;0;0;0;0;0;P10771;WBGene00001898;M163.3;0;0;HGNC:4714
hmg-1.1;0;0;0;0;0;1;0;0;0;0;0;0;0;G5EFV4;WBGene00001971;Y48B6A.14;0;0;N.A.
hpd-1;0;0;0;1;0;0;0;0;0;0;0;0;0;Q22633;WBGene00001993;T21C12.2;0;0;HGNC:5147
hpo-19;0;0;0;1;0;0;0;0;0;0;0;0;0;O16521;WBGene00020268;T05H4.5;0;0;HGNC:2873
hrg-2;0;0;0;0;0;0;0;0;0;0;1;0;0;G5EGC7;WBGene00010473;K01D12.14;0;0;N.A.
hrg-7;0;0;0;1;0;0;0;0;0;0;0;0;0;Q18020;WBGene00007605;C15C8.3;0;0;N.A.
hsp-25;0;0;0;0;0;1;0;0;0;0;0;0;0;Q5H9M9;WBGene00002023;C09B8.6;0;0;HGNC:30171
idh-1;0;0;0;0;0;1;0;0;0;0;0;0;0;Q21032;WBGene00010317;F59B8.2;0;0;HGNC:5382
idhb-1;0;0;0;0;0;0;0;0;1;0;0;0;0;Q93353;WBGene00007993;C37E2.1;0;0;HGNC:5385
idhg-1;0;0;0;1;0;0;0;0;0;0;0;0;0;Q20049;WBGene00009440;F35G12.2;0;0;HGNC:5386
imb-3;0;0;0;0;0;1;0;0;0;0;0;0;0;Q9N5V3;WBGene00002077;C53D5.6;0;0;HGNC:6402
immt-1;0;0;0;0;0;1;0;0;0;0;0;0;0;Q22505;WBGene00020511;T14G11.3;0;0;HGNC:6047
K01A2.5;0;0;0;0;0;0;0;0;0;0;1;0;0;Q9TZ58;WBGene00019280;K01A2.5;0;0;HGNC:1094
K05C4.2;0;0;0;0;0;0;1;0;0;0;0;0;0;Q9XUU9;WBGene00010579;K05C4.2;0;0;HGNC:26926
K07E3.4;0;0;0;1;0;0;0;0;0;0;0;0;0;Q21284;WBGene00019492;K07E3.4;0;0;HGNC:7432
K08D12.3;0;0;0;0;0;0;0;0;1;0;0;0;0;Q966I7;WBGene00019537;K08D12.3;0;0;HGNC:13164
kars-1;0;0;0;0;0;0;1;0;0;0;0;0;0;Q22099;WBGene00002238;T02G5.9;0;0;HGNC:6215
kcc-1;0;1;0;0;0;0;0;0;0;0;0;0;0;N1NVB5;WBGene00006504;R13A1.2;0;0;N.A.
kin-19;0;0;0;0;0;0;1;0;0;0;0;0;0;P42168;WBGene00002202;C03C10.1;0;0;HGNC:2451
kin-2;0;0;0;0;0;0;0;0;1;0;0;0;0;P30625;WBGene00002190;R07E4.6;0;0;HGNC:9388
kin-20;0;0;0;0;0;0;1;0;0;0;0;0;0;Q20471;WBGene00002203;F46F2.2;0;0;HGNC:2452
kin-3;0;0;0;0;0;0;0;1;0;0;0;0;0;P18334;WBGene00002191;B0205.7;0;0;HGNC:2457
lbp-3;0;0;0;0;0;0;1;0;0;0;0;0;0;Q27GU2;WBGene00002255;F40F4.4;0;0;N.A.
lbp-6;0;0;0;0;0;0;1;0;0;0;0;0;0;O01812;WBGene00002258;W02D3.5;0;0;HGNC:3559
ldp-1;0;0;0;0;0;1;0;0;0;0;0;0;0;Q9GZE9;WBGene00017719;F22F7.1;0;0;HGNC:24275
lec-6;1;0;0;0;0;0;0;0;0;0;0;0;0;Q9N384;WBGene00002269;Y55B1AR.1;0;0;HGNC:6561
let-60;1;0;0;0;0;0;0;0;0;0;0;0;0;P22981;WBGene00002335;ZK792.6;0;0;HGNC:5173
let-721;0;0;0;0;0;1;0;0;0;0;0;0;0;Q11190;WBGene00002855;C05D11.12;0;0;HGNC:3483
lfi-1;0;1;0;0;0;0;0;0;0;0;0;0;0;H2L0I3;WBGene00022500;ZC8.4;0;0;HGNC:21299
lin-40;1;0;0;0;0;0;0;0;0;0;0;0;0;A0A168H9W7;WBGene00003025;T27C4.4;0;0;HGNC:7410
lpd-9;0;0;0;0;0;1;0;0;0;0;0;0;0;D5MCR9;WBGene00003065;T21C9.5;0;0;N.A.
ltah-1.1;0;0;0;0;0;0;0;0;0;0;1;0;0;G5EFT4;WBGene00016589;C42C1.11;0;0;HGNC:6710
mag-1;0;0;0;1;0;0;0;0;0;0;0;0;0;P49029;WBGene00003123;R09B3.5;0;0;HGNC:6815
math-33;0;0;0;0;0;1;0;0;0;0;0;0;0;G3MU81;WBGene00010406;H19N07.2;0;0;HGNC:12630
mca-3;0;0;0;0;0;0;0;0;1;0;0;0;0;Q8MXS0;WBGene00003153;Y67D8C.10;0;0;HGNC:814
mce-1;0;0;0;0;0;0;1;0;0;0;0;0;0;G5EEG4;WBGene00008415;D2030.5;0;0;HGNC:16732
mcm-2;0;0;0;0;0;0;1;0;0;0;0;0;0;Q9XXI9;WBGene00003154;Y17G7B.5;0;0;HGNC:6944
mcm-7;0;0;0;0;0;0;1;0;0;0;0;0;0;O16297;WBGene00003159;F32D1.10;0;0;HGNC:6950
mec-7;0;0;0;1;0;0;0;0;0;0;0;0;0;P12456;WBGene00003171;ZK154.3;0;0;HGNC:20774
mel-32;0;0;0;0;0;0;0;0;1;0;0;0;0;P50432;WBGene00003214;C05D11.11;0;0;HGNC:10850
mlc-5;0;0;0;0;0;1;0;0;0;0;0;0;0;Q9XVI9;WBGene00011734;T12D8.6;0;0;HGNC:7582
mlp-1;0;0;0;0;1;0;0;0;0;0;0;0;0;Q9GP94;WBGene00003375;T04C9.4;0;0;HGNC:2361
mrck-1;0;0;0;0;0;0;0;0;0;0;1;0;0;O01583;WBGene00006437;K08B12.5;0;0;HGNC:1737
mrpl-10;0;0;0;0;0;0;0;0;0;0;1;0;0;Q21083;WBGene00010458;K01C8.6;0;0;HGNC:14055
mrpl-17;0;0;0;1;0;0;0;0;0;0;0;0;0;Q9N3F3;WBGene00021829;Y54E10A.7;0;0;HGNC:14053
mrps-18.C;0;0;0;1;0;0;0;0;0;0;0;0;0;Q22483;WBGene00020499;T14B4.2;0;0;HGNC:16633
mrps-21;0;0;0;1;0;0;0;0;0;0;0;0;0;Q9GYI2;WBGene00017924;F29B9.10;0;0;HGNC:14046
msh-2;0;0;0;0;0;0;1;0;0;0;0;0;0;Q9TXR4;WBGene00003418;H26D21.2;0;0;HGNC:7325
mtch-1;0;0;0;0;0;1;0;0;0;0;0;0;0;H2KYJ5;WBGene00018395;F43E2.7;0;0;HGNC:17586
mua-6;0;0;0;0;0;0;0;0;0;0;1;0;0;O02365;WBGene00003485;W10G6.3;0;0;HGNC:6638
nars-1;0;0;0;0;0;1;0;0;0;0;0;0;0;Q19722;WBGene00003815;F22D6.3;0;0;HGNC:7643
nas-11;0;0;0;1;0;0;0;0;0;0;0;0;0;Q21432;WBGene00003530;K11G12.1;0;0;N.A.
nduf-2.2;0;0;0;0;0;0;0;0;1;0;0;0;0;Q22800;WBGene00006463;T26A5.3;0;0;HGNC:7708
nduf-9;0;0;0;1;0;0;0;0;0;0;0;0;0;Q9N3H3;WBGene00021800;Y53G8AL.2;0;0;HGNC:7693
nkb-1;0;0;0;0;0;0;1;0;0;0;0;0;0;Q93235;WBGene00007646;C17E4.9;0;0;HGNC:804
nkb-3;0;0;0;0;0;0;1;0;0;0;0;0;0;V6CLW5;WBGene00010117;F55F3.3;0;0;HGNC:804
nol-56;0;0;0;0;0;1;0;0;0;0;0;0;0;Q21276;WBGene00010627;K07C5.4;0;0;HGNC:15911
nola-3;0;0;0;1;0;0;0;0;0;0;0;0;0;Q9XVR8;WBGene00007708;C25A1.6;0;0;HGNC:14378
npp-3;0;0;0;1;0;0;0;0;0;0;0;0;0;Q21436;WBGene00003789;K12D12.2;0;0;HGNC:18658
npp-8;0;0;0;0;0;0;0;0;0;0;1;0;0;Q95Y15;WBGene00003794;Y41D4B.19;0;0;HGNC:8063
npp-9;0;0;0;0;0;1;0;0;0;0;0;0;0;Q21021;WBGene00003795;F59A2.1;0;0;HGNC:9848
ntl-3;0;0;0;0;0;0;0;0;0;0;1;0;0;G5EFX8;WBGene00003826;Y56A3A.1;0;0;HGNC:7879
nuo-1;0;0;0;0;0;0;0;0;0;0;1;0;0;Q17880;WBGene00003831;C09H10.3;0;0;HGNC:7716
nuo-3;0;0;0;1;0;0;0;0;0;0;0;0;0;O18236;WBGene00013308;Y57G11C.12;0;0;HGNC:7690
nuo-5;0;0;0;0;0;0;1;0;0;0;0;0;0;Q9N4Y8;WBGene00021562;Y45G12B.1;0;0;HGNC:7707
oatr-1;0;0;0;0;0;0;0;1;0;0;0;0;0;Q18040;WBGene00015814;C16A3.10;0;0;HGNC:8091
ola-1;0;0;0;0;1;0;0;0;0;0;0;0;0;E2JL06;WBGene00012344;W08E3.3;0;0;HGNC:28833
paa-1;1;0;0;0;0;0;0;0;0;0;0;0;0;Q09543;WBGene00003901;F48E8.5;0;0;HGNC:9302
pam-1;0;0;0;1;0;0;0;0;0;0;0;0;0;Q4TT88;WBGene00003914;F49E8.3;0;0;HGNC:7900
pars-1;0;0;0;0;0;0;0;0;1;0;0;0;0;Q22620;WBGene00004189;T20H4.3;0;0;HGNC:3418
pat-10;0;0;0;1;0;0;0;0;0;0;0;0;0;G5EF37;WBGene00003934;F54C1.7;0;0;HGNC:24193
pat-4;0;0;0;1;0;0;0;0;0;0;0;0;0;Q9TZC4;WBGene00003931;C29F9.7;0;0;HGNC:6040
pat-6;0;0;0;1;0;0;0;0;0;0;0;0;0;O16785;WBGene00003932;T21D12.4;0;0;HGNC:14653
pbs-3;0;0;0;0;0;0;0;0;1;0;0;0;0;Q23237;WBGene00003949;Y38A8.2;0;0;HGNC:9540
pbs-6;0;0;0;1;0;0;0;0;0;0;0;0;0;P34286;WBGene00003952;C02F5.9;0;0;HGNC:9537
pbs-7;0;0;0;0;0;0;0;0;0;0;1;0;0;P90868;WBGene00003953;F39H11.5;0;0;HGNC:9541
pccb-1;0;0;0;0;0;0;0;0;0;0;0;0;1;Q8WQF1;WBGene00018701;F52E4.1;0;0;HGNC:8654
pde-6;0;0;0;0;0;0;1;0;0;0;0;0;0;V6CIW4;WBGene00022389;Y95B8A.10;0;0;HGNC:8793
pdha-1;0;0;0;1;0;0;0;0;0;0;0;0;0;P52899;WBGene00011510;T05H10.6;0;0;HGNC:8806
pdhb-1;0;0;0;0;0;0;0;1;0;0;0;0;0;O44451;WBGene00015413;C04C3.3;0;0;HGNC:8808
pes-9;0;0;0;1;0;0;0;0;0;0;0;0;0;O18000;WBGene00003982;R11H6.1;0;0;HGNC:24437
pfkb-1.1;0;0;0;1;0;0;0;0;0;0;0;0;0;Q95Y85;WBGene00022456;Y110A7A.6;0;0;HGNC:8872
pfn-3;0;0;0;0;0;0;1;0;0;0;0;0;0;Q21193;WBGene00003991;K03E6.6;0;0;N.A.
pgl-1;0;0;0;0;0;0;0;0;1;0;0;0;0;Q9TZQ3;WBGene00003992;ZK381.4;0;0;N.A.
plp-1;0;0;0;0;0;0;1;0;0;0;0;0;0;Q94230;WBGene00004046;F45E4.2;0;0;HGNC:9701
pod-2;0;0;0;0;0;0;1;0;0;0;0;0;0;Q9GZI3;WBGene00004076;W09B6.1;0;0;HGNC:84
ppm-2;0;0;0;1;0;0;0;0;0;0;0;0;0;P49596;WBGene00011953;T23F11.1;0;0;N.A.
pqn-27;0;0;0;0;0;0;1;0;0;0;0;0;0;H2L2J6;WBGene00004116;E01G4.4;0;0;N.A.
pygl-1;0;0;0;0;1;0;0;0;0;0;0;0;0;A0A131MCL1;WBGene00020696;T22F3.3;0;0;HGNC:9723
pyk-2;0;1;0;0;0;0;0;0;0;0;0;0;0;D3YT37;WBGene00014001;ZK593.1;0;0;HGNC:9021
qns-1;0;0;0;0;0;0;1;0;0;0;0;0;0;F3Y5P6;WBGene00007698;C24F3.4;0;0;HGNC:29832
R05D3.9;0;0;0;0;0;0;0;0;0;0;1;0;0;P34542;WBGene00019882;R05D3.9;0;0;N.A.
R05F9.6;0;0;0;0;0;0;0;0;1;0;0;0;0;Q21742;WBGene00019890;R05F9.6;0;0;HGNC:8905
R05H10.3;0;0;0;0;0;0;0;0;0;0;1;0;0;G5EDL4;WBGene00011044;R05H10.3;0;0;N.A.
R151.2;0;0;0;1;0;0;0;0;0;0;0;0;0;Q9BI73;WBGene00020107;R151.2;0;0;HGNC:9462
R53.4;0;0;0;0;0;0;0;0;0;0;0;0;1;Q22021;WBGene00011273;R53.4;0;0;HGNC:848
rab-11.1;0;0;0;0;0;0;1;0;0;0;0;0;0;O01803;WBGene00004274;F53G12.1;0;0;HGNC:9760
rab-18;1;0;0;0;0;0;0;0;0;0;0;0;0;Q8MXS1;WBGene00004277;Y92C3B.3;0;0;HGNC:14244
rab-5;0;0;0;0;0;0;1;0;0;0;0;0;0;P91857;WBGene00004268;F26H9.6;0;0;HGNC:9783
rab-6.1;0;0;0;0;0;0;1;0;0;0;0;0;0;P34213;WBGene00004269;F59B2.7;0;0;HGNC:9786
rab-7;0;0;0;0;0;0;1;0;0;0;0;0;0;Q23146;WBGene00004271;W03C9.3;0;0;HGNC:9788
rad-23;0;0;0;0;0;0;0;1;0;0;0;0;0;Q23451;WBGene00013924;ZK20.3;0;0;HGNC:9812
ragc-1;0;0;0;1;0;0;0;0;0;0;0;0;0;G5EGB3;WBGene00012497;Y24F12A.2;0;0;HGNC:19903
ral-1;0;0;0;0;0;0;0;0;0;0;1;0;0;H2L0Q6/Q9N3F8;WBGene00021811;Y53G8AR.3;0;0;HGNC:9839
rbmx-2;0;0;0;1;0;0;0;0;0;0;0;0;0;Q18318;WBGene00016245;C30B5.4;0;0;HGNC:24282
ret-1;0;0;0;0;0;0;1;0;0;0;0;0;0;Q7JLB0;WBGene00004336;W06A7.3;0;0;HGNC:10467
rho-1;0;0;0;1;0;0;0;0;0;0;0;0;0;Q22038;WBGene00004357;Y51H4A.3;0;0;HGNC:667
ribo-1;0;0;0;0;0;1;0;0;0;0;0;0;0;Q9GZH4;WBGene00020683;T22D1.4;0;0;HGNC:10381
rnr-2;0;0;0;0;0;0;0;0;0;0;1;0;0;P42170;WBGene00004392;C03C10.3;0;0;HGNC:10452
rpa-1;1;0;0;0;0;0;0;0;0;0;0;0;0;Q19537;WBGene00017546;F18A1.5;0;0;HGNC:10289
rpac-19;0;0;0;1;0;0;0;0;0;0;0;0;0;P34476;WBGene00010230;F58A4.9;0;0;HGNC:20422
rpac-40;0;0;0;1;0;0;0;0;0;0;0;0;0;Q9UAY9;WBGene00019275;H43I07.2;0;0;HGNC:20194
rpl-16;0;0;0;0;0;0;1;0;0;0;0;0;0;Q27389;WBGene00004428;M01F1.2;0;0;HGNC:10304
rpl-2;0;0;0;0;0;1;0;0;0;0;0;0;0;Q9XVF7;WBGene00004413;B0250.1;0;0;HGNC:10368
rpl-24.2;0;0;0;0;0;0;0;1;0;0;0;0;0;Q17606;WBGene00004437;C03D6.8;0;0;HGNC:18479
rpl-26;1;0;0;0;0;0;0;0;0;0;0;0;0;Q19869;WBGene00004440;F28C6.7;0;0;HGNC:10327
rpl-28;0;0;0;0;0;1;0;0;0;0;0;0;0;Q21930;WBGene00004442;R11D1.8;0;0;HGNC:10330
rpl-29;0;0;0;1;0;0;0;0;0;0;0;0;0;O45226;WBGene00004443;B0513.3;0;0;HGNC:10331
rpl-33;0;0;0;0;0;0;0;0;1;0;0;0;0;P49180;WBGene00004447;F10E7.7;0;0;HGNC:10345
rpl-36;0;0;0;0;0;0;0;1;0;0;0;0;0;P49181;WBGene00004450;F37C12.4;0;0;HGNC:13631
rpl-7A;0;0;0;0;0;0;0;1;0;0;0;0;0;Q966C6;WBGene00004419;Y24D9A.4;0;0;HGNC:10364
rpn-11;0;0;0;1;0;0;0;0;0;0;0;0;0;O76577;WBGene00004467;K07D4.3;0;0;HGNC:16889
rpn-13;0;0;0;1;0;0;0;0;0;0;0;0;0;Q09289;WBGene00016981;C56G2.7;0;0;HGNC:15759
rpn-8;0;0;0;1;0;0;0;0;0;0;0;0;0;O61792;WBGene00004464;R12E2.3;0;0;HGNC:9565
rps-1;0;0;0;0;0;0;0;1;0;0;0;0;0;P48154;WBGene00004470;F56F3.5;0;0;HGNC:10421
rps-11;0;0;0;0;1;0;0;0;0;0;0;0;0;Q20206;WBGene00004480;F40F11.1;0;0;HGNC:10384
rps-19;0;0;0;0;0;0;0;0;0;0;0;0;1;O18650;WBGene00004488;T05F1.3;0;0;HGNC:10402
rps-21;0;0;0;0;0;1;0;0;0;0;0;0;0;P49197;WBGene00004490;F37C12.11;0;0;HGNC:10409
rpt-5;0;0;0;0;0;0;0;0;1;0;0;0;0;O76371;WBGene00004505;F56H1.4;0;0;HGNC:9549
rpt-6;0;0;0;1;0;0;0;0;0;0;0;0;0;Q9XTT9;WBGene00004506;Y49E10.1;0;0;HGNC:9552
rrbs-1;0;0;0;0;0;0;1;0;0;0;0;0;0;Q9XVT0;WBGene00007617;C15H11.9;0;0;HGNC:17083
rsks-1;0;0;0;1;0;0;0;0;0;0;0;0;0;Q9NAH6;WBGene00012929;Y47D3A.16;0;0;HGNC:10436
sar-1;0;0;0;0;0;0;1;0;0;0;0;0;0;Q23445;WBGene00022678;ZK180.4;0;0;HGNC:10535
sax-7;0;0;0;0;0;0;0;1;0;0;0;0;0;Q4PIU9;WBGene00004732;C18F3.2;0;0;HGNC:7994
scm-1;0;0;0;1;0;0;0;0;0;0;0;0;0;X5M914;WBGene00004743;M01D7.2;0;0;HGNC:10563
sdha-2;0;0;0;0;0;0;1;0;0;0;0;0;0;O44954;WBGene00016392;C34B2.7;0;0;HGNC:10680
sec-61.A;0;0;0;0;0;0;0;0;1;0;0;0;0;G3MU88;WBGene00013311;Y57G11C.15;0;0;HGNC:18276
sel-9;0;0;0;0;0;0;1;0;0;0;0;0;0;O17528;WBGene00004766;W02D7.7;0;0;HGNC:16996
selt-1.1;0;0;0;0;0;0;0;0;0;0;1;0;0;Q9U3N5;WBGene00007955;C35C5.3;0;0;HGNC:18136
skr-2;0;0;0;0;0;0;1;0;0;0;0;0;0;G5EDD8;WBGene00004808;F46A9.4;0;0;HGNC:10899
skr-3;1;0;0;0;0;0;0;1;0;0;0;0;0;G5EE67;WBGene00004809;F44G3.6;0;0;HGNC:10899
smk-1;0;0;0;0;0;0;0;0;0;0;1;0;0;H2KYN7;WBGene00018285;F41E6.4;0;0;HGNC:20219
sna-3;1;0;0;0;0;0;0;0;0;0;0;0;0;Q9GYR5;WBGene00016015;C23G10.8;0;0;N.A.
snr-1;0;0;0;0;0;1;0;0;0;0;0;0;0;Q17348;WBGene00004914;Y116A8C.42;0;0;HGNC:11160
sod-3;0;0;0;0;0;1;0;0;0;0;0;0;0;P41977;WBGene00004932;C08A9.1;0;0;HGNC:11180
spc-1;0;0;0;1;0;0;0;0;0;0;0;0;0;G4S034;WBGene00004951;K10B3.10;0;0;HGNC:11272
spg-7;0;0;0;0;0;0;1;0;0;0;0;0;0;Q9N3T5;WBGene00004978;Y47G6A.10;0;0;HGNC:315
spp-10;0;0;0;0;0;0;0;0;0;0;1;0;0;Q4JFH6;WBGene00004995;C28C12.7;0;0;HGNC:9498
srpa-68;0;0;0;1;0;0;0;0;0;0;0;0;0;Q20822;WBGene00010097;F55C5.8;0;0;HGNC:11302
sucl-1;0;0;0;0;0;0;0;0;1;0;0;0;0;P53596;WBGene00007350;C05G5.4;0;0;HGNC:11449
sup-46;0;0;0;1;0;0;0;0;0;0;0;0;0;Q9XVS2;WBGene00045383;C25A1.4;0;0;HGNC:5046
sur-6;0;0;0;0;0;0;1;0;0;0;0;0;0;G5EDR3;WBGene00006352;F26E4.1;0;0;HGNC:9304
syf-3;0;0;0;0;0;0;0;0;0;0;1;0;0;A9D4S6;WBGene00019762;M03F8.3;0;0;HGNC:15762
T02G5.7;0;0;0;0;0;0;0;0;1;0;0;0;0;Q22101;WBGene00020166;T02G5.7;0;0;HGNC:93
T04A8.7;0;0;0;0;0;0;1;0;0;0;0;0;0;Q86G92;WBGene00011409;T04A8.7;0;0;HGNC:4180
T08G11.1;0;0;0;1;0;0;0;0;0;0;0;0;0;Q8T3D2;WBGene00011629;T08G11.1;0;0;HGNC:1908
T13C2.6;0;0;0;0;0;0;1;0;0;0;0;0;0;H2KZX4;WBGene00020481;T13C2.6;0;0;HGNC:6547
T16G1.9;0;0;0;0;0;1;0;0;0;0;0;0;0;Q9U367;WBGene00011802;T16G1.9;0;0;N.A.
T23E7.2;0;0;0;0;0;1;0;0;0;0;0;0;0;L8E6J9;WBGene00020732;T23E7.2;0;0;N.A.
tax-6;0;0;0;0;0;0;0;0;1;0;0;0;0;Q0G819;WBGene00006527;C02F4.2;0;0;HGNC:9314
tba-7;0;1;0;0;0;0;0;0;0;0;0;0;0;O18154;WBGene00006533;T28D6.2;0;0;N.A.
tbb-2;0;0;0;0;0;0;1;0;0;0;0;0;0;P52275;WBGene00006537;C36E8.5;0;0;HGNC:20772
tct-1;0;0;0;0;0;0;0;0;1;0;0;0;0;Q93573;WBGene00009122;F25H2.11;0;0;HGNC:12022
tdo-2;0;0;0;0;0;0;0;0;0;0;1;0;0;Q09474;WBGene00016201;C28H8.11;0;0;HGNC:11708
teg-4;0;0;0;1;0;0;0;0;0;0;0;0;0;O44985;WBGene00019323;K02F2.3;0;0;HGNC:10770
tfg-1;0;0;0;0;0;0;1;0;0;0;0;0;0;Q9U1W1;WBGene00006565;Y63D3A.5;0;0;HGNC:11758
timm-23;0;0;0;1;0;0;0;0;0;0;0;0;0;Q9XVQ2;WBGene00008857;F15D3.7;0;0;HGNC:17312
tin-44;0;0;0;0;0;0;0;0;1;0;0;0;0;O02161;WBGene00020383;T09B4.9;0;0;HGNC:17316
tmed-10;1;0;0;0;0;0;0;0;0;0;0;0;0;Q20546;WBGene00009829;F47G9.1;0;0;HGNC:16998
tomm-40;0;0;0;0;0;0;1;0;0;0;0;0;0;Q18090;WBGene00007686;C18E9.6;0;0;HGNC:18001
tpp-2;0;0;0;0;0;0;0;0;0;0;0;0;1;Q09541;WBGene00017686;F21H12.6;0;0;HGNC:12016
trap-3;0;0;0;0;0;0;1;0;0;0;0;0;0;Q95XS1;WBGene00021420;Y38F2AR.2;0;0;HGNC:11325
tspo-1;0;0;0;1;0;0;0;0;0;0;0;0;0;B3WFW9;WBGene00077771;C41G7.9;0;0;HGNC:1158
txdc-12.1;0;0;0;0;0;0;1;0;0;0;0;0;0;Q9NA78;WBGene00013263;Y57A10A.23;0;0;HGNC:328
uba-1;0;0;0;0;0;0;0;0;0;0;0;0;1;Q3S1J5;WBGene00006699;C47E12.5;0;0;HGNC:12469
ubh-4;0;0;0;0;0;0;1;0;0;0;0;0;0;Q09444;WBGene00006724;C08B11.7;0;0;HGNC:19678
ucr-11;0;0;0;0;0;1;0;0;0;0;0;0;0;Q8MXI1;WBGene00019007;F57B10.14;0;0;N.A.
ugt-49;0;0;0;0;0;0;0;0;0;0;1;0;0;Q17399;WBGene00007070;AC3.2;0;0;HGNC:12553
unc-108;0;0;0;0;0;0;0;0;0;0;1;0;0;A0A2C9C3C9;WBGene00006833;F53F10.4;0;0;HGNC:9763
unc-11;0;0;0;1;0;0;0;0;0;0;0;0;0;Q9XZI6;WBGene00006751;C32E8.10;0;0;HGNC:15514
unc-116;0;0;0;1;0;0;0;0;0;0;0;0;0;P34540;WBGene00006840;R05D3.7;0;0;HGNC:6323
unc-7;0;0;0;0;0;0;1;0;0;0;0;0;0;C8JQR8;WBGene00006747;R07D5.1;0;0;N.A.
unc-87;0;0;0;0;0;0;0;0;0;0;1;0;0;P37806;WBGene00006819;F08B6.4;0;0;N.A.
usp-5;0;0;0;1;0;0;0;0;0;0;0;0;0;P91502;WBGene00020839;T27A3.2;0;0;HGNC:12628
vha-14;0;0;0;0;0;0;0;1;0;0;0;0;0;P34462;WBGene00010130;F55H2.2;0;0;HGNC:13527
vha-5;0;0;0;1;0;0;0;0;0;0;0;0;0;G5EEK9;WBGene00006914;F35H10.4;0;0;HGNC:865
vig-1;0;0;0;1;0;0;0;0;0;0;0;0;0;H2KYR1;WBGene00006924;F56D12.5;0;0;HGNC:17062
vit-1;0;0;0;0;0;0;1;0;0;0;0;0;0;P55155;WBGene00006925;K09F5.2;0;0;N.A.
vit-4;0;0;0;0;0;0;1;0;0;0;0;0;0;P18947;WBGene00006928;F59D8.2;0;0;N.A.
vps-18;0;0;0;1;0;0;0;0;0;0;0;0;0;Q23194;WBGene00021058;W06B4.3;0;0;HGNC:15972
vps-29;0;0;0;0;0;0;1;0;0;0;0;0;0;Q9XVX5;WBGene00014234;ZK1128.8;0;0;HGNC:14340
vwa-8;0;0;0;0;0;0;1;0;0;0;0;0;0;S6EZK7;WBGene00008694;F11C1.5;0;0;HGNC:29071
W03D8.2;0;1;0;0;0;0;0;0;0;0;0;0;0;G4SR74;WBGene00020985;W03D8.2;0;0;N.A.
W08F4.3;0;0;0;1;0;0;0;0;0;0;0;0;0;O02109;WBGene00021093;W08F4.3;0;0;HGNC:8157
W09C5.1;0;0;0;0;0;0;1;0;0;0;0;0;0;G5EFH0;WBGene00012351;W09C5.1;0;0;HGNC:30728
wago-1;0;0;0;0;0;0;1;0;0;0;0;0;0;Q21770;WBGene00011061;R06C7.1;0;0;N.A.
wapl-1;0;0;0;0;0;0;0;0;0;0;1;0;0;H2L0H5;WBGene00019953;R08C7.10;0;0;HGNC:23293
xpo-1;0;0;0;0;0;0;0;0;0;0;1;0;0;Q23089;WBGene00002078;ZK742.1;0;0;HGNC:12825
Y11D7A.10;0;0;0;1;0;0;0;0;0;0;0;0;0;H8ESE9;WBGene00012434;Y11D7A.10;0;0;N.A.
Y37B11A.3;0;0;0;1;0;0;0;0;0;0;0;0;0;Q9BKQ2;WBGene00021345;Y37B11A.3;0;0;HGNC:10979
Y38E10A.22;0;0;0;0;0;0;0;0;0;0;1;0;0;H2KMK6;WBGene00012600;Y38E10A.22;0;0;N.A.
Y39G8B.1;0;0;0;1;0;0;0;0;0;0;0;0;0;Q9NAI5;WBGene00012722;Y39G8B.1;0;0;HGNC:381
Y41D4A.4;0;0;0;0;0;0;0;0;0;0;1;0;0;U4PRX8;WBGene00021506;Y41D4A.4;0;0;HGNC:21529
Y45G12B.3;0;0;0;1;0;0;0;0;0;0;0;0;0;A0A0M7RE22;WBGene00021564;Y45G12B.3;0;0;HGNC:20499
Y47G6A.25;0;0;0;0;0;0;0;0;0;0;1;0;0;Q9N3R6;WBGene00021649;Y47G6A.25;0;0;N.A.
Y51H1A.3;0;0;0;0;0;1;0;0;0;0;0;0;0;Q9XWJ6;WBGene00013094;Y51H1A.3;0;0;HGNC:7703
Y54E5A.5;0;0;0;1;0;0;0;0;0;0;0;0;0;Q9XWK2;WBGene00013200;Y54E5A.5;0;0;HGNC:28790
Y57G11C.3;0;0;0;1;0;0;0;0;0;0;0;0;0;O18229;WBGene00013301;Y57G11C.3;0;0;HGNC:8903
Y63D3A.7;0;0;0;0;0;0;1;0;0;0;0;0;0;Q9XWG2;WBGene00013406;Y63D3A.7;0;0;HGNC:7685
Y67D8A.2;1;0;0;0;0;0;0;0;0;0;0;0;0;H2L0I5;WBGene00022059;Y67D8A.2;0;0;HGNC:8927
Y71F9AL.9;0;0;0;1;0;0;0;0;0;0;0;0;0;Q9N4I3;WBGene00022114;Y71F9AL.9;0;0;HGNC:24574
Y71H2AM.11;0;0;0;0;0;0;1;0;0;0;0;0;0;Q9BL46;WBGene00022176;Y71H2AM.11;0;0;HGNC:24437
yop-1;0;0;0;0;0;0;1;0;0;0;0;0;0;Q9N4G8;WBGene00022127;Y71F9B.3;0;0;HGNC:30077
ZK1073.1;0;0;0;1;0;0;0;0;0;0;0;0;0;O02485;WBGene00014213;ZK1073.1;0;0;HGNC:7679
ZK1320.9;0;0;0;0;0;0;0;0;1;0;0;0;0;Q09657;WBGene00014258;ZK1320.9;0;0;N.A.
ZK686.3;0;0;0;1;0;0;0;0;0;0;0;0;0;P34669;WBGene00022793;ZK686.3;0;0;HGNC:30242
ZK829.7;0;0;0;0;0;1;0;0;0;0;0;0;0;Q23624;WBGene00014096;ZK829.7;0;0;N.A.
ZK856.16;0;0;0;0;0;1;0;0;0;0;0;0;0;A8WHN5;WBGene00050936;ZK856.16;0;0;N.A.
zyg-9;0;0;0;0;0;0;1;0;0;0;0;0;0;G5EEM5;WBGene00006994;F22B5.7;0;0;HGNC:28959
